study_id,session_id,persona_id,round_id,question,answer,follow_up_question,follow_up_answer,confidence_0_1,tags,ts
social_media_tool_study,session_38133915,sarah_small_business,1,What are your biggest challenges with social media management tools for small businesses?,"As a Small Business Owner, this is something I deal with regularly. What are your biggest challenges with social media management tools for small businesses is definitely a concern in my work.",What makes this particularly challenging?,"As a Small Business Owner, this is something I deal with regularly. What makes this particularly challenging is definitely a concern in my work.",0.7,general_response,2025-09-12T01:57:39.600739Z
social_media_tool_study,session_38133915,mike_marketing_mgr,1,What are your biggest challenges with social media management tools for small businesses?,"As a Marketing Manager, this is something I deal with regularly. What are your biggest challenges with social media management tools for small businesses is definitely a concern in my work.",What makes this particularly challenging?,"As a Marketing Manager, this is something I deal with regularly. What makes this particularly challenging is definitely a concern in my work.",0.7,general_response,2025-09-12T01:57:39.600931Z
social_media_tool_study,session_38133915,jenny_freelancer,1,What are your biggest challenges with social media management tools for small businesses?,"As a Freelance Social Media Manager, this is something I deal with regularly. What are your biggest challenges with social media management tools for small businesses is definitely a concern in my work.",What makes this particularly challenging?,"As a Freelance Social Media Manager, this is something I deal with regularly. What makes this particularly challenging is definitely a concern in my work.",0.7,general_response,2025-09-12T01:57:39.601079Z
social_media_tool_study,session_38133915,sarah_small_business,2,How do you currently solve problems related to social media management tools for small businesses?,"As a Small Business Owner, this is something I deal with regularly. How do you currently solve problems related to social media management tools for small businesses is definitely a concern in my work.",Can you give me a specific example of that?,"As a Small Business Owner, this is something I deal with regularly. Can you give me a specific example of that is definitely a concern in my work.",0.7,general_response,2025-09-12T01:57:39.601350Z
social_media_tool_study,session_38133915,mike_marketing_mgr,2,How do you currently solve problems related to social media management tools for small businesses?,"As a Marketing Manager, this is something I deal with regularly. How do you currently solve problems related to social media management tools for small businesses is definitely a concern in my work.",Can you give me a specific example of that?,"As a Marketing Manager, this is something I deal with regularly. Can you give me a specific example of that is definitely a concern in my work.",0.7,general_response,2025-09-12T01:57:39.601500Z
social_media_tool_study,session_38133915,jenny_freelancer,2,How do you currently solve problems related to social media management tools for small businesses?,"As a Freelance Social Media Manager, this is something I deal with regularly. How do you currently solve problems related to social media management tools for small businesses is definitely a concern in my work.",Can you give me a specific example of that?,"As a Freelance Social Media Manager, this is something I deal with regularly. Can you give me a specific example of that is definitely a concern in my work.",0.7,general_response,2025-09-12T01:57:39.601683Z
social_media_tool_study,session_38133915,sarah_small_business,3,What would an ideal solution for social media management tools for small businesses look like to you?,"As a Small Business Owner, this is something I deal with regularly. What would an ideal solution for social media management tools for small businesses look like to you is definitely a concern in my work.",Can you give me a specific example of that?,"As a Small Business Owner, this is something I deal with regularly. Can you give me a specific example of that is definitely a concern in my work.",0.7,general_response,2025-09-12T01:57:39.602063Z
social_media_tool_study,session_38133915,mike_marketing_mgr,3,What would an ideal solution for social media management tools for small businesses look like to you?,"As a Marketing Manager, this is something I deal with regularly. What would an ideal solution for social media management tools for small businesses look like to you is definitely a concern in my work.",Can you give me a specific example of that?,"As a Marketing Manager, this is something I deal with regularly. Can you give me a specific example of that is definitely a concern in my work.",0.7,general_response,2025-09-12T01:57:39.602277Z
social_media_tool_study,session_38133915,jenny_freelancer,3,What would an ideal solution for social media management tools for small businesses look like to you?,"As a Freelance Social Media Manager, this is something I deal with regularly. What would an ideal solution for social media management tools for small businesses look like to you is definitely a concern in my work.",Can you give me a specific example of that?,"As a Freelance Social Media Manager, this is something I deal with regularly. Can you give me a specific example of that is definitely a concern in my work.",0.7,general_response,2025-09-12T01:57:39.602492Z
